{"song_name":{"1":"Dream a Little Dream of Me - Zee Avi.mp3","2":"Jessie J - Flashlight.mp3","3":"birdy - tee shirt.mp3","4":"Bang Bang - Jessie J,Ariana Grande,Nicki Minaj.mp3"},"tempo":{"1":86.1328125,"2":73.828125,"3":151.9990808824,"4":151.9990808824},"total_beats":{"1":107473,"2":94532,"3":178313,"4":181040},"average_beats":{"1":1294.8554216867,"2":1277.4594594595,"3":1229.7448275862,"4":1248.5517241379},"chroma_stft_mean":{"1":0.2188577777,"2":0.2545570556,"3":0.2440177525,"4":0.362251693},"chroma_stft_std":{"1":0.3065111561,"2":0.3095440229,"3":0.2941163251,"4":0.3113276538},"chroma_stft_var":{"1":0.0939490888,"2":0.0958175021,"3":0.0865044127,"4":0.096924908},"chroma_cq_mean":{"1":0.3455593575,"2":0.3956642126,"3":0.4215031328,"4":0.4356950044},"chroma_cq_std":{"1":0.303681531,"2":0.2848957891,"3":0.2766355456,"4":0.2948321825},"chroma_cq_var":{"1":0.0922224723,"2":0.0811656107,"3":0.0765272251,"4":0.0869260159},"chroma_cens_mean":{"1":0.2269280608,"2":0.2377246333,"3":0.243372596,"4":0.247608467},"chroma_cens_std":{"1":0.1784292257,"2":0.1637691425,"3":0.1552517724,"4":0.1484027641},"chroma_cens_var":{"1":0.0318369886,"2":0.026820332,"3":0.0241031128,"4":0.0220233804},"melspectrogram_mean":{"1":6.8349295558,"2":5.7612314382,"3":5.7622461263,"4":5.5786449728},"melspectrogram_std":{"1":52.8372794609,"2":53.4216810185,"3":42.8272060458,"4":34.7771018998},"melspectrogram_var":{"1":2791.7781008244,"2":2853.8760028432,"3":1834.1695776857,"4":1209.4468165457},"mfcc_mean":{"1":-11.9686488675,"2":-6.1773884514,"3":-2.751339717,"4":-1.6651793941},"mfcc_std":{"1":56.0825991058,"2":55.1386225756,"3":55.3522366144,"4":34.7513039913},"mfcc_var":{"1":3145.2579224648,"2":3040.2676995342,"3":3063.8700982173,"4":1207.653129098},"mfcc_delta_mean":{"1":0.0013725196,"2":0.0127283047,"3":0.0115592516,"4":0.0076282877},"mfcc_delta_std":{"1":3.7485753345,"2":2.8654363273,"3":3.2579855006,"4":3.9405791704},"mfcc_delta_var":{"1":14.0518170382,"2":8.2107253455,"3":10.614469522,"4":15.5281641978},"rmse_mean":{"1":0.1581712812,"2":0.1336163282,"3":0.1390838325,"4":0.1541650444},"rmse_std":{"1":0.0665769726,"2":0.0930633023,"3":0.0756678581,"4":0.0615047403},"rmse_var":{"1":0.0044324934,"2":0.0086607784,"3":0.0057256245,"4":0.0037828332},"cent_mean":{"1":1701.7497470332,"2":2224.3831366178,"3":1659.3764786374,"4":2900.2893331909},"cent_std":{"1":1014.7315001124,"2":1254.7658543849,"3":850.6637277807,"4":789.482645648},"cent_var":{"1":1029680.0173204578,"2":1574437.3493301482,"3":723628.7777617958,"4":623282.847779328},"spec_bw_mean":{"1":2043.4896884054,"2":2277.2795722565,"3":2158.3353148233,"4":2608.1313332241},"spec_bw_std":{"1":502.8451280251,"2":1010.7400542243,"3":680.3835100059,"4":396.4491827921},"spec_bw_var":{"1":252853.2227786112,"2":1021595.4572132557,"3":462921.7206878822,"4":157171.9545365058},"contrast_mean":{"1":24.5913148491,"2":22.465433266,"3":22.2932228275,"4":19.9719142748},"contrast_std":{"1":6.4717364267,"2":6.8507467378,"3":6.5416578181,"4":7.1530367058},"contrast_var":{"1":41.8833723763,"2":46.9327308653,"3":42.7932870088,"4":51.1659341142},"rolloff_mean":{"1":3241.1720677426,"2":4660.8926495531,"3":3555.5243335641,"4":5849.5937949733},"rolloff_std":{"1":1812.704022916,"2":2783.9988584402,"3":2113.2792971179,"4":1514.7071635394},"rolloff_var":{"1":3285895.8746958999,"2":7750649.6437965175,"3":4465949.387627203,"4":2294337.7912774999},"poly_mean":{"1":1.1649507319,"2":1.4893105326,"3":1.3703308971,"4":2.0285397013},"poly_std":{"1":1.4162106502,"2":2.4127608105,"3":1.8848748288,"4":2.590104963},"poly_var":{"1":2.0056526058,"2":5.8214147287,"3":3.5527531203,"4":6.7086437193},"tonnetz_mean":{"1":0.0116801064,"2":0.0004894534,"3":-0.0008189973,"4":0.0170432814},"tonnetz_std":{"1":0.1181390641,"2":0.0919569954,"3":0.0965103423,"4":0.0906422931},"tonnetz_var":{"1":0.0139568385,"2":0.008456089,"3":0.0093142462,"4":0.0082160253},"zcr_mean":{"1":0.0635164338,"2":0.0999102046,"3":0.059098849,"4":0.1418672449},"zcr_std":{"1":0.0701372529,"2":0.0734888739,"3":0.0440625568,"4":0.0725248372},"zcr_var":{"1":0.0049192342,"2":0.0054006146,"3":0.0019415089,"4":0.005259852},"harm_mean":{"1":-0.0000014467,"2":-0.0000057088,"3":0.0000460925,"4":0.0000286123},"harm_std":{"1":0.1556054056,"2":0.1170633063,"3":0.132965982,"4":0.1150745675},"harm_var":{"1":0.0242130421,"2":0.0137038175,"3":0.0176799539,"4":0.0132421553},"perc_mean":{"1":0.0000017149,"2":0.000079357,"3":0.0001724456,"4":-0.0000479897},"perc_std":{"1":0.0471429601,"2":0.0724640042,"3":0.0532327183,"4":0.0864615366},"perc_var":{"1":0.0022224588,"2":0.0052510323,"3":0.0028337222,"4":0.0074755969},"frame_mean":{"1":2.3103854875,"2":4.0007981859,"3":3.9090793651,"4":2.7028027211},"frame_std":{"1":1.3524402736,"2":2.3374214848,"3":2.2191192334,"4":1.6115284218},"frame_var":{"1":1.8290946937,"2":5.4635391974,"3":4.9244901722,"4":2.5970238544}}